Name	WHO Region	Cases - cumulative total	Cases - cumulative total per 100000 population	Cases - newly reported in last 7 days	Cases - newly reported in last 7 days per 100000 population	Cases - newly reported in last 24 hours	Deaths - cumulative total	Deaths - cumulative total per 100000 population	Deaths - newly reported in last 7 days	Deaths - newly reported in last 7 days per 100000 population	Deaths - newly reported in last 24 hours	Transmission Classification
Global	-	170,363,852.000	2,182.386	3,383,026.000	43.337	358,691.000	3,546,870.000	45.436	76,025.000	0.974	7,370.000	
United States of America	Americas	32,929,178.000	9,948.310	131,305.000	39.670	0.000	588,596.000	177.820	3,896.000	1.180	0.000	Community transmission
India	South-East Asia	28,175,044.000	2,041.660	1,226,170.000	88.850	127,510.000	331,895.000	24.050	24,664.000	1.790	2,795.000	Clusters of cases
Brazil	Americas	16,515,120.000	7,769.650	431,862.000	203.170	43,520.000	461,931.000	217.320	12,863.000	6.050	874.000	Community transmission
France	Europe	5,566,214.000	8,558.220	59,437.000	91.390	8,541.000	108,558.000	166.910	756.000	1.160	15.000	Community transmission
Turkey	Europe	5,242,911.000	6,216.470	56,424.000	66.900	6,933.000	47,405.000	56.210	1,137.000	1.350	134.000	Community transmission
Russian Federation	Europe	5,071,917.000	3,475.480	62,006.000	42.490	8,475.000	121,501.000	83.260	2,700.000	1.850	339.000	Clusters of cases
The United Kingdom	Europe	4,484,060.000	6,605.280	21,518.000	31.700	3,111.000	127,781.000	188.230	60.000	0.090	6.000	Community transmission
Italy	Europe	4,216,003.000	7,068.910	23,820.000	39.940	2,948.000	126,046.000	211.340	821.000	1.380	44.000	Clusters of cases
Argentina	Americas	3,753,609.000	8,305.220	214,125.000	473.770	21,346.000	77,456.000	171.380	3,393.000	7.510	348.000	Community transmission
Germany	Europe	3,681,126.000	4,426.200	29,486.000	35.450	1,978.000	88,442.000	106.340	1,019.000	1.230	36.000	Community transmission
Spain	Europe	3,663,176.000	7,739.220	13,502.000	28.530	0.000	79,888.000	168.780	54.000	0.110	0.000	Community transmission
Colombia	Americas	3,383,279.000	6,649.150	150,823.000	296.410	20,218.000	88,282.000	173.500	3,558.000	6.990	535.000	Community transmission
Iran (Islamic Republic of)	Eastern Mediterranean	2,913,136.000	3,468.310	69,613.000	82.880	11,042.000	80,156.000	95.430	1,308.000	1.560	217.000	Community transmission
Poland	Europe	2,872,283.000	7,566.980	6,102.000	16.080	333.000	73,745.000	194.280	800.000	2.110	7.000	Community transmission
Mexico	Americas	2,412,810.000	1,871.370	16,206.000	12.570	1,307.000	223,507.000	173.350	1,860.000	1.440	52.000	Community transmission
Ukraine	Europe	2,202,494.000	5,036.140	18,639.000	42.620	1,022.000	50,536.000	115.550	1,100.000	2.520	64.000	Community transmission
Peru	Americas	1,955,469.000	5,930.720	30,180.000	91.530	3,818.000	69,342.000	210.310	1,289.000	3.910	140.000	Community transmission
Indonesia	South-East Asia	1,821,703.000	666.010	40,576.000	14.830	5,662.000	50,578.000	18.490	1,123.000	0.410	174.000	Community transmission
South Africa	Africa	1,662,825.000	2,803.680	27,360.000	46.130	3,755.000	56,439.000	95.160	637.000	1.070	76.000	Community transmission
Czechia	Europe	1,661,272.000	15,534.710	3,180.000	29.740	113.000	30,108.000	281.540	80.000	0.750	4.000	Community transmission
Netherlands	Europe	1,647,418.000	9,463.790	21,424.000	123.070	2,785.000	17,621.000	101.230	79.000	0.450	6.000	Community transmission
Chile	Americas	1,384,346.000	7,241.740	49,085.000	256.770	6,839.000	29,300.000	153.270	752.000	3.930	132.000	Community transmission
Canada	Americas	1,378,971.000	3,653.660	19,112.000	50.640	2,237.000	25,512.000	67.600	281.000	0.740	34.000	Community transmission
Philippines	Western Pacific	1,230,301.000	1,122.730	45,601.000	41.610	6,684.000	20,966.000	19.130	983.000	0.900	106.000	Community transmission
Iraq	Eastern Mediterranean	1,201,352.000	2,986.770	29,310.000	72.870	4,270.000	16,375.000	40.710	161.000	0.400	24.000	Community transmission
Romania	Europe	1,077,584.000	5,575.010	2,041.000	10.560	158.000	30,276.000	156.640	335.000	1.730	29.000	Community transmission
Sweden	Europe	1,068,473.000	10,345.810	5,922.000	57.340	0.000	14,451.000	139.930	2.000	0.020	0.000	Community transmission
Belgium	Europe	1,061,200.000	9,209.850	10,726.000	93.090	4.000	24,940.000	216.450	85.000	0.740	5.000	Community transmission
Pakistan	Eastern Mediterranean	921,053.000	416.970	17,454.000	7.900	2,117.000	20,779.000	9.410	471.000	0.210	43.000	Community transmission
Portugal	Europe	848,658.000	8,242.670	3,434.000	33.350	445.000	17,023.000	165.340	6.000	0.060	0.000	Clusters of cases
Israel	Europe	839,458.000	9,698.500	133.000	1.540	4.000	6,411.000	74.070	7.000	0.080	3.000	Community transmission
Hungary	Europe	804,538.000	8,235.180	2,866.000	29.340	506.000	29,649.000	303.480	174.000	1.780	25.000	Community transmission
Bangladesh	South-East Asia	800,540.000	486.090	10,019.000	6.080	1,710.000	12,619.000	7.660	218.000	0.130	36.000	Community transmission
Japan	Western Pacific	746,713.000	590.400	24,801.000	19.610	2,226.000	13,048.000	10.320	650.000	0.510	81.000	Clusters of cases
Jordan	Eastern Mediterranean	736,534.000	7,218.700	5,098.000	49.970	723.000	9,462.000	92.740	78.000	0.760	10.000	Community transmission
Serbia	Europe	712,224.000	10,282.290	2,285.000	32.990	178.000	6,854.000	98.950	77.000	1.110	10.000	Community transmission
Switzerland	Europe	689,924.000	7,971.740	3,202.000	37.000	0.000	10,196.000	117.810	8.000	0.090	0.000	Community transmission
Austria	Europe	640,528.000	7,196.080	3,147.000	35.360	366.000	10,339.000	116.150	56.000	0.630	5.000	Community transmission
Malaysia	Western Pacific	572,357.000	1,768.390	53,757.000	166.090	6,824.000	2,796.000	8.640	487.000	1.500	67.000	Community transmission
United Arab Emirates	Eastern Mediterranean	570,836.000	5,771.620	13,217.000	133.630	1,763.000	1,680.000	16.990	26.000	0.260	3.000	Community transmission
Nepal	South-East Asia	561,302.000	1,926.440	40,841.000	140.170	4,178.000	7,386.000	25.350	855.000	2.930	114.000	Community transmission
Lebanon	Eastern Mediterranean	540,388.000	7,917.260	1,720.000	25.200	111.000	7,729.000	113.240	45.000	0.660	6.000	Community transmission
Morocco	Eastern Mediterranean	519,216.000	1,406.690	2,103.000	5.700	108.000	9,147.000	24.780	21.000	0.060	4.000	Community transmission
Saudi Arabia	Eastern Mediterranean	450,436.000	1,293.840	8,365.000	24.030	1,245.000	7,362.000	21.150	98.000	0.280	15.000	Community transmission
Kazakhstan	Europe	441,801.000	2,352.920	10,513.000	55.990	0.000	7,321.000	38.990	172.000	0.920	0.000	Clusters of cases
Ecuador	Americas	425,841.000	2,413.650	6,643.000	37.650	0.000	20,545.000	116.450	335.000	1.900	0.000	Community transmission
Bulgaria	Europe	418,274.000	6,017.050	1,628.000	23.420	53.000	17,662.000	254.080	166.000	2.390	5.000	Clusters of cases
Greece	Europe	401,301.000	3,743.980	11,497.000	107.260	906.000	12,054.000	112.460	282.000	2.630	30.000	Community transmission
Belarus	Europe	393,807.000	4,167.570	7,782.000	82.360	2,170.000	2,841.000	30.070	70.000	0.740	20.000	Community transmission
Slovakia	Europe	389,721.000	7,140.530	867.000	15.890	31.000	12,343.000	226.150	47.000	0.860	4.000	Clusters of cases
Panama	Americas	377,776.000	8,755.420	3,655.000	84.710	348.000	6,370.000	147.630	39.000	0.900	1.000	Community transmission
Bolivia (Plurinational State of)	Americas	368,474.000	3,156.630	18,821.000	161.240	1,760.000	14,471.000	123.970	506.000	4.330	36.000	Community transmission
Croatia	Europe	356,141.000	8,775.910	2,155.000	53.100	0.000	8,014.000	197.480	111.000	2.740	0.000	Community transmission
Paraguay	Americas	352,688.000	4,944.780	19,717.000	276.440	2,075.000	9,083.000	127.350	723.000	10.140	96.000	Community transmission
Tunisia	Eastern Mediterranean	345,474.000	2,923.130	9,060.000	76.660	786.000	12,654.000	107.070	381.000	3.220	31.000	Community transmission
Georgia	Europe	343,963.000	8,622.410	6,002.000	150.460	360.000	4,773.000	119.650	134.000	3.360	16.000	Community transmission
occupied Palestinian territory-including east Jerusalem-Eastern Mediterranean	including east Jerusalem	337,191.000	6,609.760	2,572.000	50.420	302.000	3,765.000	73.800	27.000	0.530	2	Community transmission
Azerbaijan	Europe	333,864.000	3,292.810	1,410.000	13.910	141.000	4,907.000	48.400	47.000	0.460	4.000	Clusters of cases
Costa Rica	Americas	317,845.000	6,239.450	14,455.000	283.760	1,405.000	4,022.000	78.950	202.000	3.970	29.000	Community transmission
Kuwait	Eastern Mediterranean	309,222.000	7,240.760	8,767.000	205.290	1,410.000	1,772.000	41.490	31.000	0.730	1.000	Community transmission
Dominican Republic	Americas	292,786.000	2,699.010	8,219.000	75.770	876.000	3,628.000	33.440	18.000	0.170	0.000	Community transmission
Uruguay	Americas	291,488.000	8,391.210	26,390.000	759.700	3,316.000	4,213.000	121.280	342.000	9.850	37.000	Community transmission
Denmark	Europe	280,383.000	4,815.290	6,889.000	118.310	949.000	2,516.000	43.210	8.000	0.140	0.000	Community transmission
Lithuania	Europe	274,199.000	9,813.530	3,069.000	109.840	0.000	4,257.000	152.360	62.000	2.220	0.000	Community transmission
Ethiopia	Africa	271,345.000	236.030	2,151.000	1.870	145.000	4,155.000	3.610	79.000	0.070	12.000	Community transmission
Egypt	Eastern Mediterranean	262,650.000	256.660	7,666.000	7.490	984.000	15,096.000	14.750	330.000	0.320	49.000	Clusters of cases
Ireland	Europe	261,157.000	5,260.550	2,554.000	51.450	0.000	4,941.000	99.530	0.000	0.000	0.000	Community transmission
Republic of Moldova	Europe	255,145.000	6,324.920	469.000	11.630	40.000	6,104.000	151.320	29.000	0.720	4.000	Community transmission
Guatemala	Americas	254,417.000	1,420.090	6,773.000	37.810	192.000	8,165.000	45.570	156.000	0.870	28.000	Community transmission
Slovenia	Europe	253,631.000	12,101.520	1,945.000	92.800	135.000	4,693.000	223.920	8.000	0.380	1.000	Clusters of cases
Bahrain	Eastern Mediterranean	240,532.000	14,135.840	19,685.000	1,156.870	2,375.000	980.000	57.590	132.000	7.760	27.000	Community transmission
Honduras	Americas	237,581.000	2,398.690	4,909.000	49.560	629.000	6,316.000	63.770	170.000	1.720	20.000	Community transmission
Venezuela (Bolivarian Republic of)	Americas	232,800.000	818.680	9,455.000	33.250	1,357.000	2,629.000	9.250	116.000	0.410	14.000	Community transmission
Armenia	Europe	222,670.000	7,514.430	688.000	23.220	34.000	4,438.000	149.770	44.000	1.480	6.000	Community transmission
Qatar	Eastern Mediterranean	217,458.000	7,547.870	1,716.000	59.560	228.000	556.000	19.300	9.000	0.310	2.000	Community transmission
Oman	Eastern Mediterranean	217,224.000	4,253.770	6,003.000	117.550	1,041.000	2,345.000	45.920	71.000	1.390	11.000	Community transmission
Bosnia and Herzegovina	Europe	203,978.000	6,217.300	642.000	19.570	40.000	9,233.000	281.420	102.000	3.110	11.000	Community transmission
Sri Lanka	South-East Asia	186,364.000	870.320	19,192.000	89.630	2,912.000	1,484.000	6.930	241.000	1.130	43.000	Clusters of cases
Libya	Eastern Mediterranean	185,776.000	2,703.650	2,184.000	31.780	595.000	3,126.000	45.490	14.000	0.200	1.000	Community transmission
Kenya	Africa	170,647.000	317.360	2,215.000	4.120	162.000	3,157.000	5.870	98.000	0.180	16.000	Community transmission
Nigeria	Africa	166,315.000	80.680	296.000	0.140	30.000	2,071.000	1.000	4.000	0.000	0.000	Community transmission
Thailand	South-East Asia	162,022.000	232.120	26,583.000	38.080	2,230.000	1,069.000	1.530	237.000	0.340	38.000	Clusters of cases
North Macedonia	Europe	155,269.000	7,452.750	206.000	9.890	23.000	5,408.000	259.580	97.000	4.660	10.000	Clusters of cases
Myanmar	South-East Asia	143,629.000	263.980	367.000	0.670	58.000	3,217.000	5.910	1.000	0.000	1.000	Clusters of cases
Cuba	Americas	142,266.000	1,256.030	8,058.000	71.140	1,100.000	958.000	8.460	68.000	0.600	8.000	Community transmission
Republic of Korea	Western Pacific	140,799.000	274.630	3,824.000	7.460	459.000	1,963.000	3.830	25.000	0.050	4.000	Clusters of cases
Puerto Rico	Americas	138,690.000	4,847.850	690.000	24.120	111.000	2,502.000	87.460	28.000	0.980	1.000	Community transmission
Latvia	Europe	133,098.000	6,976.970	2,153.000	112.860	180.000	2,370.000	124.230	44.000	2.310	0.000	Community transmission
Albania	Europe	132,309.000	4,597.570	100.000	3.470	12.000	2,450.000	85.130	6.000	0.210	1.000	Clusters of cases
Estonia	Europe	129,544.000	9,747.660	875.000	65.840	58.000	1,252.000	94.210	11.000	0.830	1.000	Clusters of cases
Algeria	Africa	128,725.000	293.550	1,865.000	4.250	269.000	3,465.000	7.900	47.000	0.110	5.000	Community transmission
Norway	Europe	124,029.000	2,310.710	3,275.000	61.010	0.000	783.000	14.590	2.000	0.040	0.000	Clusters of cases
China	Western Pacific	111,525.000	7.580	3,727.000	0.250	378.000	4,970.000	0.340	95.000	0.010	15.000	Clusters of cases
Kosovo[1]	Europe	107,362.000	5,978.950	161.000	8.970	23.000	2,233.000	124.350	4.000	0.220	0.000	Community transmission
Kyrgyzstan	Europe	104,729.000	1,605.240	2,027.000	31.070	174.000	1,808.000	27.710	51.000	0.780	5.000	Clusters of cases
Uzbekistan	Europe	100,335.000	299.780	1,678.000	5.010	211.000	690.000	2.060	10.000	0.030	0.000	Clusters of cases
Montenegro	Europe	99,597.000	15,857.830	247.000	39.330	0.000	1,583.000	252.050	9.000	1.430	0.000	Clusters of cases
Zambia	Africa	95,050.000	517.030	1,849.000	10.060	299.000	1,278.000	6.950	10.000	0.050	2.000	Community transmission
Ghana	Africa	93,898.000	302.190	278.000	0.890	123.000	785.000	2.530	2.000	0.010	1.000	Community transmission
Finland	Europe	92,244.000	1,669.490	718.000	12.990	0.000	948.000	17.160	16.000	0.290	0.000	Community transmission
Cameroon	Africa	77,982.000	293.760	1,226.000	4.620	0.000	1,270.000	4.780	40.000	0.150	0.000	Community transmission
El Salvador	Americas	73,246.000	1,129.260	1,026.000	15.820	0.000	2,249.000	34.670	29.000	0.450	4.000	Community transmission
Afghanistan	Eastern Mediterranean	72,977.000	187.460	6,074.000	15.600	1,139.000	2,973.000	7.640	137.000	0.350	29.000	Community transmission
Cyprus	Europe	72,407.000	8,153.900	496.000	55.860	248.000	360.000	40.540	6.000	0.680	3.000	Clusters of cases
Mozambique	Africa	70,780.000	226.460	190.000	0.610	56.000	836.000	2.670	5.000	0.020	0.000	Community transmission
Luxembourg	Europe	69,889.000	11,162.450	344.000	54.940	0.000	814.000	130.010	4.000	0.640	0.000	Community transmission
Maldives	South-East Asia	64,396.000	11,913.180	7,055.000	1,305.170	710.000	161.000	29.780	17.000	3.140	3.000	Clusters of cases
Singapore	Western Pacific	62,051.000	1,060.640	191.000	3.260	23.000	33.000	0.560	1.000	0.020	0.000	Sporadic cases
Mongolia	Western Pacific	58,439.000	1,782.610	5,339.000	162.860	927.000	276.000	8.420	23.000	0.700	4.000	Clusters of cases
Botswana	Africa	56,313.000	2,394.640	2,162.000	91.940	0.000	831.000	35.340	47.000	2.000	0.000	Community transmission
Namibia	Africa	55,141.000	2,170.130	2,195.000	86.390	482.000	824.000	32.430	59.000	2.320	6.000	Community transmission
Jamaica	Americas	48,557.000	1,639.790	503.000	16.990	90.000	948.000	32.010	23.000	0.780	3.000	Community transmission
Côte d’Ivoire	Africa	47,195.000	178.920	253.000	0.960	0.000	301.000	1.140	3.000	0.010	0.000	Community transmission
Uganda	Africa	47,147.000	103.070	3,413.000	7.460	1,216.000	362.000	0.790	6.000	0.010	0.000	Community transmission
Senegal	Africa	41,387.000	247.180	325.000	1.940	56.000	1,138.000	6.800	8.000	0.050	0.000	Community transmission
Madagascar	Africa	41,266.000	149.020	390.000	1.410	32.000	835.000	3.020	35.000	0.130	6.000	Community transmission
Zimbabwe	Africa	38,944.000	262.020	262.000	1.760	11.000	1,594.000	10.720	8.000	0.050	0.000	Community transmission
Sudan	Eastern Mediterranean	35,512.000	80.990	269.000	0.610	17.000	2,631.000	6.000	31.000	0.070	1.000	Clusters of cases
Angola	Africa	34,366.000	104.560	1,925.000	5.860	186.000	764.000	2.320	39.000	0.120	7.000	Community transmission
Malawi	Africa	34,335.000	179.480	51.000	0.270	6.000	1,155.000	6.040	2.000	0.010	1.000	Community transmission
Democratic Republic of the Congo	Africa	31,651.000	35.340	788.000	0.880	235.000	782.000	0.870	3.000	0.000	0.000	Community transmission
Malta	Europe	30,533.000	5,933.760	29.000	5.640	4.000	419.000	81.430	2.000	0.390	0.000	Clusters of cases
Cabo Verde	Africa	30,359.000	5,460.380	1,025.000	184.360	86.000	264.000	47.480	8.000	1.440	1.000	Community transmission
Australia	Western Pacific	30,106.000	118.060	85.000	0.330	8.000	910.000	3.570	0.000	0.000	0.000	Clusters of cases
Cambodia	Western Pacific	30,094.000	180.000	3,765.000	22.520	0.000	214.000	1.280	31.000	0.190	0.000	Sporadic cases
Rwanda	Africa	26,918.000	207.830	230.000	1.780	138.000	352.000	2.720	3.000	0.020	3.000	Community transmission
Réunion	Africa	24,901.000	2,781.270	1,335.000	149.110	0.000	189.000	21.110	13.000	1.450	0.000	Community transmission
Syrian Arab Republic	Eastern Mediterranean	24,495.000	139.970	308.000	1.760	28.000	1,770.000	10.110	30.000	0.170	4.000	Community transmission
Gabon	Africa	24,365.000	1,094.700	258.000	11.590	0.000	150.000	6.740	3.000	0.130	0.000	Community transmission
French Guiana	Americas	24,036.000	8,047.350	935.000	313.040	273.000	116.000	38.840	3.000	1.000	0.000	Community transmission
Trinidad and Tobago	Americas	23,638.000	1,689.050	3,621.000	258.740	637.000	479.000	34.230	104.000	7.430	9.000	Community transmission
Guinea	Africa	23,172.000	176.440	184.000	1.400	0.000	161.000	1.230	3.000	0.020	0.000	Community transmission
Mauritania	Africa	19,494.000	419.260	345.000	7.420	31.000	463.000	9.960	5.000	0.110	0.000	Community transmission
Mayotte	Africa	19,325.000	7,083.550	24.000	8.800	0.000	173.000	63.410	2.000	0.730	0.000	Community transmission
French Polynesia	Western Pacific	18,870.000	6,717.500	26.000	9.260	10.000	142.000	50.550	1.000	0.360	0.000	Sporadic cases
Eswatini	Africa	18,591.000	1,602.450	40.000	3.450	2.000	673.000	58.010	1.000	0.090	1.000	Community transmission
Guyana	Americas	16,910.000	2,149.890	780.000	99.170	88.000	385.000	48.950	26.000	3.310	3.000	Community transmission
Guadeloupe	Americas	16,874.000	4,217.190	357.000	89.220	0.000	255.000	63.730	0.000	0.000	0.000	Not applicable
Papua New Guinea	Western Pacific	15,910.000	177.820	542.000	6.060	0.000	162.000	1.810	3.000	0.030	0.000	Community transmission
Suriname	Americas	14,764.000	2,516.740	1,653.000	281.780	249.000	292.000	49.780	43.000	7.330	4.000	Community transmission
Somalia	Eastern Mediterranean	14,662.000	92.250	30.000	0.190	2.000	769.000	4.840	2.000	0.010	0.000	Community transmission
Haiti	Americas	14,565.000	127.730	659.000	5.780	214.000	317.000	2.780	29.000	0.250	8.000	Community transmission
Mali	Africa	14,265.000	70.440	24.000	0.120	0.000	517.000	2.550	3.000	0.010	0.000	Community transmission
Tajikistan	Europe	13,714.000	143.790	0.000	0.000	0.000	91.000	0.950	0.000	0.000	0.000	Pending
Andorra	Europe	13,693.000	17,722.130	84.000	108.720	0.000	127.000	164.370	0.000	0.000	0.000	Community transmission
Togo	Africa	13,457.000	162.550	83.000	1.000	25.000	125.000	1.510	0.000	0.000	0.000	Community transmission
Burkina Faso	Africa	13,430.000	64.250	15.000	0.070	0.000	166.000	0.790	1.000	0.000	0.000	Community transmission
Belize	Americas	12,791.000	3,216.830	27.000	6.790	0.000	324.000	81.480	1.000	0.250	0.000	Community transmission
Curaçao	Americas	12,272.000	7,478.690	1.000	0.610	1.000	122.000	74.350	0.000	0.000	0.000	Community transmission
Martinique	Americas	11,979.000	3,192.140	190.000	50.630	0.000	95.000	25.320	2.000	0.530	0.000	Community transmission
Bahamas	Americas	11,796.000	2,999.660	217.000	55.180	0.000	230.000	58.490	4.000	1.020	0.000	Clusters of cases
Seychelles	Africa	11,736.000	11,933.260	1,067.000	1,084.930	321.000	40.000	40.670	2.000	2.030	0.000	Community transmission
Congo	Africa	11,658.000	211.270	182.000	3.300	0.000	153.000	2.770	3.000	0.050	0.000	Community transmission
Djibouti	Eastern Mediterranean	11,533.000	1,167.310	31.000	3.140	5.000	154.000	15.590	1.000	0.100	0.000	Community transmission
Aruba	Americas	10,978.000	10,282.300	61.000	57.130	21.000	107.000	100.220	0.000	0.000	0.000	Community transmission
Lesotho	Africa	10,831.000	505.590	9.000	0.420	6.000	326.000	15.220	0.000	0.000	0.000	Community transmission
South Sudan	Africa	10,688.000	95.480	18.000	0.160	0.000	115.000	1.030	0.000	0.000	0.000	Community transmission
Equatorial Guinea	Africa	8,529.000	607.920	93.000	6.630	0.000	118.000	8.410	5.000	0.360	0.000	Community transmission
Benin	Africa	8,058.000	66.470	33.000	0.270	0.000	101.000	0.830	0.000	0.000	0.000	Community transmission
Guam	Western Pacific	7,918.000	4,691.450	19.000	11.260	0.000	139.000	82.360	0.000	0.000	0.000	Clusters of cases
Viet Nam	Western Pacific	7,432.000	7.640	1,971.000	2.020	264.000	47.000	0.050	3.000	0.000	0.000	Clusters of cases
Central African Republic	Africa	7,085.000	146.690	6.000	0.120	0.000	98.000	2.030	1.000	0.020	0.000	Community transmission
Timor-Leste	South-East Asia	6,994.000	530.470	980.000	74.330	97.000	16.000	1.210	2.000	0.150	0.000	Community transmission
Yemen	Eastern Mediterranean	6,742.000	22.600	76.000	0.250	5.000	1,321.000	4.430	10.000	0.030	1.000	Community transmission
Iceland	Europe	6,576.000	1,805.930	20.000	5.490	0.000	30.000	8.240	1.000	0.270	0.000	Community transmission
Gambia	Africa	5,993.000	247.990	15.000	0.620	0.000	179.000	7.410	1.000	0.040	0.000	Community transmission
Nicaragua	Americas	5,833.000	88.050	102.000	1.540	0.000	186.000	2.810	1.000	0.020	0.000	Community transmission
Niger	Africa	5,410.000	22.350	27.000	0.110	0.000	192.000	0.790	0.000	0.000	0.000	Community transmission
San Marino	Europe	5,090.000	14,997.940	1.000	2.950	0.000	90.000	265.190	0.000	0.000	0.000	Community transmission
Saint Lucia	Americas	5,067.000	2,759.400	122.000	66.440	14.000	79.000	43.020	2.000	1.090	2.000	Community transmission
Chad	Africa	4,929.000	30.010	5.000	0.030	1.000	173.000	1.050	0.000	0.000	0.000	Community transmission
Burundi	Africa	4,790.000	40.280	244.000	2.050	36.000	6.000	0.050	0.000	0.000	0.000	Community transmission
Gibraltar	Europe	4,293.000	12,742.280	6.000	17.810	0.000	94.000	279.010	0.000	0.000	0.000	Clusters of cases
Sierra Leone	Africa	4,140.000	51.900	19.000	0.240	0.000	79.000	0.990	0.000	0.000	0.000	Community transmission
Eritrea	Africa	4,061.000	114.510	129.000	3.640	0.000	14.000	0.390	0.000	0.000	0.000	Community transmission
Barbados	Americas	4,017.000	1,397.830	19.000	6.610	5.000	47.000	16.350	0.000	0.000	0.000	Community transmission
Comoros	Africa	3,951.000	454.350	9.000	1.030	2.000	146.000	16.790	0.000	0.000	0.000	Community transmission
Guinea-Bissau	Africa	3,766.000	191.360	15.000	0.760	5.000	68.000	3.460	0.000	0.000	0.000	Community transmission
United States Virgin Islands	Americas	3,442.000	3,296.150	89.000	85.230	0.000	27.000	25.860	0.000	0.000	0.000	Community transmission
Jersey	Europe	3,243.000	3,008.460	5.000	4.640	0.000	69.000	64.010	0.000	0.000	0.000	Community transmission
Liechtenstein	Europe	3,099.000	7,998.040	7.000	18.070	0.000	57.000	147.110	0.000	0.000	0.000	Sporadic cases
Monaco	Europe	2,504.000	6,380.590	3.000	7.640	1.000	32.000	81.540	0.000	0.000	0.000	Sporadic cases
Bermuda	Americas	2,491.000	4,000.130	3.000	4.820	0.000	32.000	51.390	0.000	0.000	0.000	Community transmission
Turks and Caicos Islands	Americas	2,417.000	6,242.570	8.000	20.660	5.000	17.000	43.910	0.000	0.000	0.000	Clusters of cases
Sint Maarten	Americas	2,414.000	5,629.400	48.000	111.940	10.000	28.000	65.300	0.000	0.000	0.000	Community transmission
Sao Tome and Principe	Africa	2,345.000	1,070.000	9.000	4.110	0.000	37.000	16.880	0.000	0.000	0.000	Community transmission
New Zealand	Western Pacific	2,317.000	48.050	4.000	0.080	0.000	26.000	0.540	0.000	0.000	0.000	Sporadic cases
Liberia	Africa	2,179.000	43.080	37.000	0.730	0.000	86.000	1.700	1.000	0.020	0.000	Community transmission
Saint Vincent and the Grenadines	Americas	2,035.000	1,834.320	46.000	41.460	0.000	12.000	10.820	0.000	0.000	0.000	Community transmission
Saint Martin	Americas	2,009.000	5,196.720	114.000	294.890	0.000	15.000	38.800	0.000	0.000	0.000	Community transmission
Lao People's Democratic Republic	Western Pacific	1,912.000	26.280	90.000	1.240	1.000	3.000	0.040	1.000	0.010	0.000	Sporadic cases
Bhutan	South-East Asia	1,620.000	209.950	209.000	27.090	8.000	1.000	0.130	0.000	0.000	0.000	Clusters of cases
Isle of Man	Europe	1,592.000	1,872.240	1.000	1.180	0.000	29.000	34.100	0.000	0.000	0.000	No cases
Bonaire	Americas	1,586.000	7,583.070	3.000	14.340	1.000	17.000	81.280	0.000	0.000	0.000	Community transmission
Mauritius	Africa	1,393.000	109.530	71.000	5.580	0.000	17.000	1.340	0.000	0.000	0.000	Clusters of cases
Antigua and Barbuda	Americas	1,260.000	1,286.650	2.000	2.040	0.000	42.000	42.890	0.000	0.000	0.000	Clusters of cases
Saint Barthélemy	Americas	1,023.000	10,349.010	7.000	70.810	0.000	1.000	10.120	0.000	0.000	0.000	Clusters of cases
Guernsey	Europe	823.000	1,276.600	1.000	1.550	1.000	14.000	21.720	0.000	0.000	0.000	Community transmission
Other	Other	764.000		0.000		0.000	13.000		0.000		0.000	Not applicable
Faroe Islands	Europe	718.000	1,469.350	26.000	53.210	6.000	1.000	2.050	0.000	0.000	0.000	Sporadic cases
Cayman Islands	Americas	581.000	884.050	7.000	10.650	0.000	2.000	3.040	0.000	0.000	0.000	Sporadic cases
United Republic of Tanzania	Africa	509.000	0.850	0.000	0.000	0.000	21.000	0.040	0.000	0.000	0.000	Pending
Wallis and Futuna	Western Pacific	454.000	4,036.990	0.000	0.000	0.000	7.000	62.240	0.000	0.000	0.000	Sporadic cases
Fiji	Western Pacific	438.000	48.860	200.000	22.310	37.000	4.000	0.450	0.000	0.000	0.000	Sporadic cases
British Virgin Islands	Americas	289.000	955.780	41.000	135.600	0.000	1.000	3.310	0.000	0.000	0.000	Clusters of cases
Brunei Darussalam	Western Pacific	243.000	55.550	7.000	1.600	1.000	3.000	0.690	0.000	0.000	0.000	Sporadic cases
Dominica	Americas	188.000	261.140	4.000	5.560	0.000	0.000	0.000	0.000	0.000	0.000	Clusters of cases
Northern Mariana Islands (Commonwealth of the)	Western Pacific	183.000	317.950	2.000	3.470	0.000	2.000	3.470	0.000	0.000	0.000	Pending
Grenada	Americas	161.000	143.080	0.000	0.000	0.000	1.000	0.890	0.000	0.000	0.000	Sporadic cases
New Caledonia	Western Pacific	128.000	44.830	2.000	0.700	0.000	0.000	0.000	0.000	0.000	0.000	Sporadic cases
Anguilla	Americas	109.000	726.570	0.000	0.000	0.000	0.000	0.000	0.000	0.000	0.000	Clusters of cases
Saint Kitts and Nevis	Americas	68.000	127.840	14.000	26.320	0.000	0.000	0.000	0.000	0.000	0.000	Clusters of cases
Falkland Islands (Malvinas)	Americas	63.000	1,808.790	0.000	0.000	0.000	0.000	0.000	0.000	0.000	0.000	Sporadic cases
Greenland	Europe	40.000	70.460	6.000	10.570	0.000	0.000	0.000	0.000	0.000	0.000	No cases
Holy See	Europe	26.000	3,213.840	0.000	0.000	0.000	0.000	0.000	0.000	0.000	0.000	Sporadic cases
Saint Pierre and Miquelon	Americas	25.000	431.410	0.000	0.000	0.000	0.000	0.000	0.000	0.000	0.000	No cases
Montserrat	Americas	20.000	400.080	0.000	0.000	0.000	1.000	20.000	0.000	0.000	0.000	No cases
Sint Eustatius	Americas	20.000	637.150	0.000	0.000	0.000	0.000	0.000	0.000	0.000	0.000	No cases
Solomon Islands	Western Pacific	20.000	2.910	0.000	0.000	0.000	0.000	0.000	0.000	0.000	0.000	No cases
Saba	Americas	7.000	362.130	0.000	0.000	0.000	0.000	0.000	0.000	0.000	0.000	Sporadic cases
Marshall Islands	Western Pacific	4.000	6.760	0.000	0.000	0.000	0.000	0.000	0.000	0.000	0.000	No cases
Vanuatu	Western Pacific	3.000	0.980	0.000	0.000	0.000	0.000	0.000	0.000	0.000	0.000	No cases
Samoa	Western Pacific	1.000	0.500	0.000	0.000	0.000	0.000	0.000	0.000	0.000	0.000	No cases
American Samoa	Western Pacific	0.000	0.000	0.000	0.000	0.000	0.000	0.000	0.000	0.000	0.000	No cases
Cook Islands	Western Pacific	0.000	0.000	0.000	0.000	0.000	0.000	0.000	0.000	0.000	0.000	No cases
Democratic People's Republic of Korea	South-East Asia	0.000	0.000	0.000	0.000	0.000	0.000	0.000	0.000	0.000	0.000	No cases
Kiribati	Western Pacific	0.000	0.000	0.000	0.000	0.000	0.000	0.000	0.000	0.000	0.000	No cases
Micronesia (Federated States of)	Western Pacific	0.000	0.000	0.000	0.000	0.000	0.000	0.000	0.000	0.000	0.000	No cases
Nauru	Western Pacific	0.000	0.000	0.000	0.000	0.000	0.000	0.000	0.000	0.000	0.000	No cases
Niue	Western Pacific	0.000	0.000	0.000	0.000	0.000	0.000	0.000	0.000	0.000	0.000	No cases
Palau	Western Pacific	0.000	0.000	0.000	0.000	0.000	0.000	0.000	0.000	0.000	0.000	No cases
Pitcairn Islands	Western Pacific	0.000	0.000	0.000	0.000	0.000	0.000	0.000	0.000	0.000	0.000	No cases
Saint Helena	Africa	0.000	0.000	0.000	0.000	0.000	0.000	0.000	0.000	0.000	0.000	No cases
Tokelau	Western Pacific	0.000	0.000	0.000	0.000	0.000	0.000	0.000	0.000	0.000	0.000	No cases
Tonga	Western Pacific	0.000	0.000	0.000	0.000	0.000	0.000	0.000	0.000	0.000	0.000	No cases
Turkmenistan	Europe	0.000	0.000	0.000	0.000	0.000	0.000	0.000	0.000	0.000	0.000	No cases
Tuvalu	Western Pacific	0.000	0.000	0.000	0.000	0.000	0.000	0.000	0.000	0.000	0.000	No cases